,id,usableAreas,createdAt,displayAddressGeolocation,parkingSpaces,suites,bathrooms,bedrooms,pricingInfos,amenities,unitFloor
0,2656648917,['63'],2023-09-19T19:05:03.967Z,"{'lon': -46.712858, 'lat': -23.643604}",[1],[1],[2],[2],"[{'yearlyIptu': '1800', 'price': '575000', 'businessType': 'SALE', 'monthlyCondoFee': '550'}]","['POOL', 'BARBECUE_GRILL', 'ELEVATOR', 'GATED_COMMUNITY', 'GYM', 'PETS_ALLOWED', 'GOURMET_SPACE', 'GARDEN', 'PLAYGROUND', 'GOURMET_BALCONY', 'PARTY_HALL', 'NEAR_ACCESS_ROADS', 'NEAR_SCHOOL', 'NEAR_HOSPITAL', 'NEAR_SHOPPING_CENTER', 'BICYCLES_PLACE', 'CONCIERGE_24H', 'AMERICAN_KITCHEN', 'TOYS_PLACE', 'SECURITY_CAMERA', 'REDARIO', 'GAMES_ROOM', 'DISABLED_ACCESS', 'COWORKING', 'ELECTRONIC_GATE', 'NEAR_PUBLIC_TRANSPORT', 'SECURITY_24_HOURS']",15
0,2656651096,['63'],2023-09-19T19:11:27.043Z,"{'lon': -46.712858, 'lat': -23.643604}",[1],[1],[2],[2],"[{'yearlyIptu': '1800', 'price': '565000', 'businessType': 'SALE', 'monthlyCondoFee': '550'}]","['POOL', 'BARBECUE_GRILL', 'ELEVATOR', 'GATED_COMMUNITY', 'GYM', 'PETS_ALLOWED', 'GOURMET_SPACE', 'GARDEN', 'PLAYGROUND', 'GOURMET_BALCONY', 'PARTY_HALL', 'NEAR_ACCESS_ROADS', 'NEAR_SCHOOL', 'NEAR_HOSPITAL', 'NEAR_SHOPPING_CENTER', 'BICYCLES_PLACE', 'CONCIERGE_24H', 'AMERICAN_KITCHEN', 'TOYS_PLACE', 'SECURITY_CAMERA', 'REDARIO', 'DISABLED_ACCESS', 'COWORKING', 'GAMES_ROOM', 'ELECTRONIC_GATE', 'NEAR_PUBLIC_TRANSPORT', 'SECURITY_24_HOURS']",12
0,2491828391,['49'],2020-08-05T11:56:13.755Z,"{'lon': -46.612905, 'lat': -23.596006}",[1],[1],[1],[1],"[{'rentalInfo': {'period': 'MONTHLY', 'warranties': []}, 'yearlyIptu': '2316', 'price': '690000', 'businessType': 'SALE', 'monthlyCondoFee': '650'}]","['POOL', 'FURNISHED', 'BARBECUE_GRILL', 'ELEVATOR', 'GATED_COMMUNITY', 'GYM', 'PETS_ALLOWED', 'GOURMET_SPACE', 'AIR_CONDITIONING', 'GARDEN', 'SERVICE_AREA', 'GREEN_SPACE', 'PARTY_HALL', 'CONCIERGE_24H', 'INTERNET_ACCESS', 'CLOSET', 'AMERICAN_KITCHEN', 'DEPOSIT', 'ELECTRIC_GENERATOR', 'INTERCOM', 'ALARM_SYSTEM', 'SAFETY_CIRCUIT', 'ADULT_POOL', 'WATCHMAN', 'ELECTRONIC_GATE', 'MOUNTAIN_VIEW']",12
0,2673927737,['64'],2023-12-05T15:02:56.071Z,"{'lon': -46.596859, 'lat': -23.636199}",[1],[1],[2],[3],"[{'yearlyIptu': '1290', 'price': '370000', 'businessType': 'SALE', 'monthlyCondoFee': '526'}]","['POOL', 'FURNISHED', 'BARBECUE_GRILL', 'ELEVATOR', 'GATED_COMMUNITY', 'GYM', 'PETS_ALLOWED', 'GOURMET_SPACE', 'GARDEN', 'PLAYGROUND', 'PARTY_HALL', 'SPORTS_COURT', 'TENNIS_COURT', 'BICYCLES_PLACE', 'CONCIERGE_24H', 'LAUNDRY', 'GAMES_ROOM', 'DISABLED_ACCESS', 'ELECTRONIC_GATE']",5
0,2475065882,['80'],2020-02-14T15:49:05.935Z,"{'lon': -46.590662, 'lat': -23.557239}",[1],[1],[3],[3],"[{'rentalInfo': {'period': 'MONTHLY', 'warranties': []}, 'yearlyIptu': '0', 'price': '550000', 'businessType': 'SALE', 'monthlyCondoFee': '743'}]","['ELEVATOR', 'GYM', 'PETS_ALLOWED', 'GARDEN', 'PLAYGROUND', 'PARTY_HALL', 'NEAR_SCHOOL', 'NEAR_HOSPITAL', 'NEAR_SHOPPING_CENTER', 'BUILTIN_WARDROBE', 'BEDROOM_WARDROBE', 'KITCHEN_CABINETS', 'BATHROOM_CABINETS', 'INTERNET_ACCESS', 'CABLE_TV', 'NEAR_PUBLIC_TRANSPORT']",7
0,2665422722,['76'],2023-10-28T09:02:24.653Z,"{'lon': -46.562883, 'lat': -23.534983}",[1],[2],[2],[2],"[{'yearlyIptu': '250', 'price': '688900', 'businessType': 'SALE', 'monthlyCondoFee': '800'}]","['POOL', 'BARBECUE_GRILL', 'ELEVATOR', 'GATED_COMMUNITY', 'GYM', 'PETS_ALLOWED', 'GOURMET_SPACE', 'SERVICE_AREA', 'PLAYGROUND', 'GOURMET_BALCONY', 'PARTY_HALL', 'SPORTS_COURT', 'BICYCLES_PLACE', 'CONCIERGE_24H', 'INTERCOM', 'LAUNDRY', 'GAMES_ROOM', 'ELECTRONIC_GATE']",8
0,2646852094,['76'],2023-07-28T15:05:40.204Z,None,[2],[1],[2],[3],"[{'yearlyIptu': '1001', 'price': '800000', 'businessType': 'SALE', 'monthlyCondoFee': '800'}]","['POOL', 'BARBECUE_GRILL', 'ELEVATOR', 'GATED_COMMUNITY', 'BALCONY', 'GYM', 'PETS_ALLOWED', 'AIR_CONDITIONING', 'GARDEN', 'SERVICE_AREA', 'PLAYGROUND', 'PARTY_HALL', 'SPORTS_COURT', 'CONCIERGE_24H', 'GAMES_ROOM']",13
0,2603396275,['47'],2023-01-04T12:08:04.456Z,"{'lon': -46.649018, 'lat': -23.553279}",[1],[],[1],[1],"[{'yearlyIptu': '1000', 'price': '480000', 'businessType': 'SALE', 'monthlyCondoFee': '600'}]","['FURNISHED', 'BARBECUE_GRILL', 'ELEVATOR', 'GATED_COMMUNITY', 'GYM', 'PETS_ALLOWED', 'GOURMET_SPACE', 'AIR_CONDITIONING', 'GARDEN', 'PARTY_HALL', 'BICYCLES_PLACE', 'CONCIERGE_24H', 'DISABLED_ACCESS', 'ELECTRONIC_GATE']",10
0,2664161119,['151'],2023-10-23T20:03:07.220Z,"{'lon': -46.673638, 'lat': -23.626483}",[3],[3],[3],[3],"[{'yearlyIptu': '926', 'price': '2690000', 'businessType': 'SALE', 'monthlyCondoFee': '1393'}]","['POOL', 'BARBECUE_GRILL', 'ELEVATOR', 'GATED_COMMUNITY', 'GYM', 'PETS_ALLOWED', 'GOURMET_SPACE', 'AIR_CONDITIONING', 'GARDEN', 'PLAYGROUND', 'PARTY_HALL', 'SPORTS_COURT', 'BICYCLES_PLACE', 'CONCIERGE_24H', 'CLOSET', 'AMERICAN_KITCHEN', 'LAUNDRY', 'CINEMA', 'SQUASH', 'GAMES_ROOM', 'DISABLED_ACCESS', 'COWORKING', 'SAUNA', 'SPA', 'ELECTRONIC_GATE']",0
0,2585289211,['70'],2022-10-15T20:12:29.920Z,"{'lon': -46.60605, 'lat': -23.577855}",[2],[1],[2],[2],"[{'yearlyIptu': '247', 'price': '800000', 'businessType': 'SALE', 'monthlyCondoFee': '800'}]","['BARBECUE_GRILL', 'ELEVATOR', 'POOL', 'SPORTS_COURT']",50
0,2654923853,['63'],2023-09-10T13:04:31.227Z,"{'lon': -46.712858, 'lat': -23.643604}",[1],[1],[2],[2],"[{'yearlyIptu': '0', 'price': '570000', 'businessType': 'SALE', 'monthlyCondoFee': '0'}]",[],4
0,2592825901,['52'],2022-11-16T00:54:54.706Z,"{'lon': -46.598952, 'lat': -23.648698}",[1],[],[1],[2],"[{'price': '300000', 'businessType': 'SALE', 'monthlyCondoFee': '280'}]","['FURNISHED', 'BARBECUE_GRILL', 'ELEVATOR', 'PETS_ALLOWED', 'GOURMET_SPACE', 'GARDEN', 'PLAYGROUND', 'PARTY_HALL', 'SPORTS_COURT', 'CONCIERGE_24H', 'ELECTRONIC_GATE']",6
0,2649179627,['60'],2023-08-11T17:33:27.937Z,"{'lon': -46.569549, 'lat': -23.570417}",[1],[1],[2],[2],"[{'yearlyIptu': '0', 'price': '600000', 'businessType': 'SALE', 'monthlyCondoFee': '480'}]","['POOL', 'FURNISHED', 'BARBECUE_GRILL', 'ELEVATOR', 'GATED_COMMUNITY', 'GYM', 'GARDEN', 'GOURMET_BALCONY', 'NEAR_ACCESS_ROADS', 'NEAR_SCHOOL', 'NEAR_HOSPITAL', 'NEAR_SHOPPING_CENTER', 'SPORTS_COURT', 'BICYCLES_PLACE', 'CONCIERGE_24H', 'TOYS_PLACE', 'PET_SPACE', 'GAMES_ROOM', 'DISABLED_ACCESS', 'ELECTRONIC_GATE', 'NEAR_PUBLIC_TRANSPORT']",17
0,2654503998,['67'],2023-09-07T21:04:43.944Z,None,[1],[1],[2],[2],"[{'yearlyIptu': '327', 'price': '590000', 'businessType': 'SALE', 'monthlyCondoFee': '597'}]","['POOL', 'FURNISHED', 'BARBECUE_GRILL', 'ELEVATOR', 'GATED_COMMUNITY', 'GYM', 'PETS_ALLOWED', 'GOURMET_SPACE', 'GARDEN', 'PLAYGROUND', 'GOURMET_BALCONY', 'PARTY_HALL', 'SPORTS_COURT', 'BICYCLES_PLACE', 'CONCIERGE_24H', 'CLOSET', 'AMERICAN_KITCHEN', 'FIREPLACE', 'GAMES_ROOM', 'DISABLED_ACCESS', 'SAUNA', 'SPA', 'ELECTRONIC_GATE']",8
0,2456624575,['81'],2019-09-09T14:52:06.967Z,"{'lon': -46.641712, 'lat': -23.599485}",[2],[1],[3],[3],"[{'rentalInfo': {'period': 'MONTHLY', 'warranties': []}, 'yearlyIptu': '1400', 'price': '865000', 'businessType': 'SALE', 'monthlyCondoFee': '1300'}]","['FURNISHED', 'BARBECUE_GRILL', 'ELEVATOR', 'GATED_COMMUNITY', 'GYM', 'GARDEN', 'SAUNA']",0
0,2662669853,['73'],2023-10-17T00:43:31.498Z,None,[1],[1],[2],[3],"[{'yearlyIptu': '134', 'price': '492000', 'businessType': 'SALE', 'monthlyCondoFee': '580'}]","['POOL', 'BARBECUE_GRILL', 'ELEVATOR', 'BALCONY', 'GYM', 'PETS_ALLOWED', 'GOURMET_SPACE', 'GARDEN', 'SERVICE_AREA', 'PLAYGROUND', 'PARTY_HALL', 'SPORTS_COURT', 'BICYCLES_PLACE', 'CONCIERGE_24H', 'BEDROOM_WARDROBE', 'GAS_SHOWER', 'AMERICAN_KITCHEN', 'GOURMET_KITCHEN', 'INTERCOM', 'DINNER_ROOM', 'GAMES_ROOM', 'DISABLED_ACCESS', 'INTEGRATED_ENVIRONMENTS', 'BLINDEX_BOX', 'WOOD_FLOOR', 'CORNER_PROPERTY', 'ALUMINUM_WINDOW', 'NATURAL_VENTILATION']",3
0,2572406179,['47'],2022-07-20T13:38:57.176Z,"{'lon': -46.436615, 'lat': -23.559742}",[1],[0],[1],[2],"[{'yearlyIptu': '1', 'price': '275000', 'businessType': 'SALE', 'monthlyCondoFee': '320'}]","['GYM', 'BARBECUE_GRILL', 'POOL', 'GAMES_ROOM', 'CONCIERGE_24H']",8
0,2636916813,['62'],2023-06-06T18:51:02.925Z,"{'lon': -46.653742, 'lat': -23.526885}",[1],[1],[2],[2],"[{'yearlyIptu': '2138', 'price': '669000', 'businessType': 'SALE', 'monthlyCondoFee': '650'}]","['POOL', 'BARBECUE_GRILL', 'ELEVATOR', 'BALCONY', 'GYM', 'PETS_ALLOWED', 'GOURMET_SPACE', 'AIR_CONDITIONING', 'GARDEN', 'PLAYGROUND', 'CHILDRENS_POOL', 'WALL_BALCONY', 'PARTY_HALL', 'SPORTS_COURT', 'BICYCLES_PLACE', 'CONCIERGE_24H', 'RECREATION_AREA', 'BUILTIN_WARDROBE', 'GAS_SHOWER', 'AMERICAN_KITCHEN', 'ELECTRIC_GENERATOR', 'TOYS_PLACE', 'SECURITY_CAMERA', 'PET_SPACE', 'PIZZA_OVEN', 'ADULT_POOL', 'GAMES_ROOM', 'DISABLED_ACCESS', 'COWORKING', 'SAUNA', 'SPA', 'ELECTRONIC_GATE']",10
0,2579256788,['56'],2022-09-06T13:40:34.300Z,"{'lon': -46.678107, 'lat': -23.503886}",[1],[1],[2],[2],"[{'yearlyIptu': '0', 'price': '509000', 'businessType': 'SALE', 'monthlyCondoFee': '0'}]","['POOL', 'BARBECUE_GRILL', 'ELEVATOR', 'GATED_COMMUNITY', 'GYM', 'PETS_ALLOWED', 'AIR_CONDITIONING', 'GARDEN', 'SERVICE_AREA', 'PLAYGROUND', 'GOURMET_BALCONY', 'BARBECUE_BALCONY', 'CHILDRENS_POOL', 'PARTY_HALL', 'SPORTS_COURT', 'BICYCLES_PLACE', 'CONCIERGE_24H', 'BEDROOM_WARDROBE', 'INTERNET_ACCESS', 'GAS_SHOWER', 'TREE_CLIMBING', 'TOYS_PLACE', 'PET_SPACE', 'PATROL', 'WATCHMAN', 'SAFETY_CIRCUIT', 'GAMES_ROOM', 'DISABLED_ACCESS', 'ELECTRONIC_GATE']",8
0,2676659237,['89'],2023-12-15T16:23:28.211Z,"{'lon': -46.669058, 'lat': -23.644611}",[2],[2],[2],[2],"[{'yearlyIptu': '3500', 'price': '1285000', 'businessType': 'SALE', 'monthlyCondoFee': '812'}]","['POOL', 'BARBECUE_GRILL', 'ELEVATOR', 'GATED_COMMUNITY', 'GYM', 'PETS_ALLOWED', 'GOURMET_SPACE', 'PLAYGROUND', 'GOURMET_BALCONY', 'PARTY_HALL', 'SPORTS_COURT', 'BICYCLES_PLACE', 'CONCIERGE_24H', 'AMERICAN_KITCHEN', 'GAMES_ROOM', 'DISABLED_ACCESS', 'SAUNA', 'ELECTRONIC_GATE']",0
0,2634492964,['33'],2023-05-24T19:00:17.659Z,None,[],[0],[1],[2],"[{'yearlyIptu': '50', 'price': '199000', 'businessType': 'SALE', 'monthlyCondoFee': '220'}]","['BARBECUE_GRILL', 'GATED_COMMUNITY', 'GYM', 'PETS_ALLOWED', 'GOURMET_SPACE', 'PLAYGROUND', 'PARTY_HALL', 'NEAR_SCHOOL', 'SPORTS_COURT', 'BICYCLES_PLACE', 'CONCIERGE_24H', 'INTERNET_ACCESS', 'AMERICAN_KITCHEN', 'DISABLED_ACCESS', 'COWORKING', 'ELECTRONIC_GATE', 'SECURITY_24_HOURS', 'ALUMINUM_WINDOW', 'LAMINATED_FLOOR', 'COLD_FLOOR']",0
0,2633444968,['80'],2023-05-19T21:06:19.457Z,"{'lon': -46.61191, 'lat': -23.576452}",[2],[1],[2],[3],"[{'yearlyIptu': '450', 'price': '700000', 'businessType': 'SALE', 'monthlyCondoFee': '450'}]","['POOL', 'BARBECUE_GRILL', 'ELEVATOR', 'GATED_COMMUNITY', 'GYM', 'GOURMET_SPACE', 'GARDEN', 'PLAYGROUND', 'PARTY_HALL', 'CONCIERGE_24H', 'GAMES_ROOM', 'SAUNA']",6
0,2678370399,['66'],2023-12-22T18:46:48.671Z,"{'lon': -46.745941, 'lat': -23.626437}",[2],[1],[2],[2],"[{'yearlyIptu': '220', 'price': '419900', 'businessType': 'SALE', 'monthlyCondoFee': '750'}]","['BALCONY', 'GOURMET_BALCONY']",2
0,2605335390,['44'],2023-01-12T21:08:47.646Z,None,[1],[0],[1],[2],"[{'yearlyIptu': '0', 'price': '240000', 'businessType': 'SALE', 'monthlyCondoFee': '315'}]","['POOL', 'FURNISHED', 'BARBECUE_GRILL', 'ELEVATOR', 'GYM', 'PETS_ALLOWED', 'PLAYGROUND', 'PARTY_HALL', 'SPORTS_COURT', 'BICYCLES_PLACE', 'RECREATION_AREA', 'GAS_SHOWER', 'ELECTRONIC_GATE', 'GAMES_ROOM', 'ALUMINUM_WINDOW']",15
0,2627856977,['69'],2023-04-22T20:17:49.080Z,"{'lon': -46.610349, 'lat': -23.529437}",[2],[1],[2],[3],"[{'yearlyIptu': '999', 'price': '792999', 'businessType': 'SALE', 'monthlyCondoFee': '0'}]","['POOL', 'BARBECUE_GRILL', 'ELEVATOR', 'GATED_COMMUNITY', 'BALCONY', 'GYM', 'PETS_ALLOWED', 'GOURMET_SPACE', 'AIR_CONDITIONING', 'GARDEN', 'PLAYGROUND', 'GOURMET_BALCONY', 'BARBECUE_BALCONY', 'PARTY_HALL', 'NEAR_ACCESS_ROADS', 'NEAR_SCHOOL', 'NEAR_SHOPPING_CENTER', 'SPORTS_COURT', 'BICYCLES_PLACE', 'CONCIERGE_24H', 'RECREATION_AREA', 'AMERICAN_KITCHEN', 'GOURMET_KITCHEN', 'HEATING', 'RECEPTION', 'TOYS_PLACE', 'GAMES_ROOM', 'DISABLED_ACCESS', 'COWORKING', 'SAUNA', 'SPA', 'NEAR_PUBLIC_TRANSPORT', 'SECURITY_24_HOURS']",12
0,2655113694,['59'],2023-09-11T20:14:27.287Z,None,[1],[1],[2],[2],"[{'yearlyIptu': '167', 'price': '469000', 'businessType': 'SALE', 'monthlyCondoFee': '650'}]","['POOL', 'BARBECUE_GRILL', 'ELEVATOR', 'BALCONY', 'GYM', 'GARDEN', 'SERVICE_AREA', 'PLAYGROUND', 'GOURMET_BALCONY', 'BARBECUE_BALCONY', 'HEATED_POOL', 'WALL_BALCONY', 'PARTY_HALL', 'NEAR_ACCESS_ROADS', 'NEAR_SCHOOL', 'NEAR_HOSPITAL', 'NEAR_SHOPPING_CENTER', 'SPORTS_COURT', 'BICYCLES_PLACE', 'CONCIERGE_24H', 'RECREATION_AREA', 'KITCHEN_CABINETS', 'BATHROOM_CABINETS', 'AMERICAN_KITCHEN', 'INTERCOM', 'DINNER_ROOM', 'TOYS_PLACE', 'SECURITY_CAMERA', 'GAMES_ROOM', 'DISABLED_ACCESS', 'BLINDEX_BOX', 'PORCELAIN', 'LUNCH_ROOM', 'NEAR_PUBLIC_TRANSPORT']",0
0,2590032315,['47'],2022-11-04T14:35:31.585Z,None,[1],[],[1],[2],"[{'yearlyIptu': '0', 'price': '310000', 'businessType': 'SALE', 'monthlyCondoFee': '540'}]","['POOL', 'BARBECUE_GRILL', 'ELEVATOR', 'GATED_COMMUNITY', 'GYM', 'PETS_ALLOWED', 'GOURMET_SPACE', 'GARDEN', 'PLAYGROUND', 'PARTY_HALL', 'SPORTS_COURT', 'CONCIERGE_24H', 'DISABLED_ACCESS', 'SAUNA', 'GAMES_ROOM', 'ELECTRONIC_GATE']",13
0,2567525393,['32'],2022-06-20T14:52:08.659Z,"{'lon': -46.594506, 'lat': -23.634576}",[0],[0],[1],[2],"[{'yearlyIptu': '0', 'price': '236000', 'businessType': 'SALE', 'monthlyCondoFee': '200'}]","['BARBECUE_GRILL', 'ELEVATOR', 'GYM', 'PETS_ALLOWED', 'SERVICE_AREA', 'PLAYGROUND', 'PARTY_HALL', 'INTERCOM', 'SECURITY_24_HOURS']",17
0,2596867698,['68'],2022-12-01T19:29:48.344Z,"{'lon': -46.617955, 'lat': -23.604176}",[1],[1],[2],[2],"[{'yearlyIptu': '2700', 'price': '789000', 'businessType': 'SALE', 'monthlyCondoFee': '590'}]","['POOL', 'FURNISHED', 'BARBECUE_GRILL', 'ELEVATOR', 'BALCONY', 'GYM', 'PETS_ALLOWED', 'AIR_CONDITIONING', 'GARDEN', 'SERVICE_AREA', 'PLAYGROUND', 'GOURMET_BALCONY', 'CHILDRENS_POOL', 'PARTY_HALL', 'NEAR_ACCESS_ROADS', 'NEAR_SCHOOL', 'SPORTS_COURT', 'BICYCLES_PLACE', 'CONCIERGE_24H', 'SECURITY_CABIN', 'BATHROOM_CABINETS', 'INTERNET_ACCESS', 'GAS_SHOWER', 'AMERICAN_KITCHEN', 'ELECTRIC_GENERATOR', 'RECEPTION', 'SAFETY_CIRCUIT', 'ADULT_POOL', 'SECURITY_CAMERA', 'ENTRANCE_HALL', 'GAMES_ROOM', 'DISABLED_ACCESS', 'NEAR_PUBLIC_TRANSPORT', 'SECURITY_24_HOURS']",6
0,2661513500,['64'],2023-10-11T15:42:49.572Z,None,[2],[1],[2],[3],"[{'yearlyIptu': '151', 'price': '535000', 'businessType': 'SALE', 'monthlyCondoFee': '750'}]","['POOL', 'FURNISHED', 'BARBECUE_GRILL', 'ELEVATOR', 'GYM', 'PETS_ALLOWED', 'SERVICE_AREA', 'PLAYGROUND', 'PARTY_HALL', 'CONCIERGE_24H', 'KITCHEN_CABINETS', 'BATHROOM_CABINETS']",16
0,2663145890,['105'],2023-10-18T16:07:28.652Z,"{'lon': -46.752792, 'lat': -23.587289}",[2],[2],[2],[3],"[{'yearlyIptu': '400', 'price': '850000', 'businessType': 'SALE', 'monthlyCondoFee': '1000'}]","['POOL', 'BARBECUE_GRILL', 'ELEVATOR', 'GATED_COMMUNITY', 'GYM', 'PETS_ALLOWED', 'GOURMET_SPACE', 'AIR_CONDITIONING', 'GARDEN', 'PLAYGROUND', 'PARTY_HALL', 'SPORTS_COURT', 'TENNIS_COURT', 'BICYCLES_PLACE', 'CONCIERGE_24H', 'CLOSET', 'LAUNDRY', 'DISABLED_ACCESS', 'COWORKING', 'SAUNA', 'SPA', 'CINEMA', 'SQUASH', 'GAMES_ROOM', 'ELECTRONIC_GATE']",20
0,2528223798,['180'],2021-07-22T15:03:50.468Z,"{'lon': -46.690457, 'lat': -23.621821}",[2],[4],[6],[4],"[{'yearlyIptu': '1', 'price': '2500000', 'businessType': 'SALE', 'monthlyCondoFee': '1440'}]","['POOL', 'BARBECUE_GRILL', 'ELEVATOR', 'GATED_COMMUNITY', 'GYM', 'PETS_ALLOWED', 'GOURMET_SPACE', 'AIR_CONDITIONING', 'GARDEN', 'SERVICE_AREA', 'PLAYGROUND', 'GOURMET_BALCONY', 'PARTY_HALL', 'SPORTS_COURT', 'TENNIS_COURT', 'BICYCLES_PLACE', 'CONCIERGE_24H', 'INTERNET_ACCESS', 'CLOSET', 'INTERCOM', 'LAUNDRY', 'DINNER_ROOM', 'LARGE_ROOM', 'DISABLED_ACCESS', 'COWORKING', 'ELECTRONIC_GATE', 'GAMES_ROOM', 'INTEGRATED_ENVIRONMENTS', 'PANORAMIC_VIEW']",0
0,2518141444,['50'],2021-04-28T02:42:42.381Z,"{'lon': -46.605883, 'lat': -23.513179}",[1],[1],[2],[2],"[{'yearlyIptu': '0', 'price': '345000', 'businessType': 'SALE', 'monthlyCondoFee': '350'}]","['POOL', 'BARBECUE_GRILL', 'ELEVATOR', 'GATED_COMMUNITY', 'BALCONY', 'GYM', 'PETS_ALLOWED', 'GOURMET_SPACE', 'AIR_CONDITIONING', 'GARDEN', 'SERVICE_AREA', 'PLAYGROUND', 'GOURMET_BALCONY', 'CHILDRENS_POOL', 'GREEN_SPACE', 'PARTY_HALL', 'SPORTS_COURT', 'BICYCLES_PLACE', 'CONCIERGE_24H', 'RECREATION_AREA', 'GAS_SHOWER', 'CLOSET', 'ELECTRIC_GENERATOR', 'SANCA', 'INTERCOM', 'LARGE_WINDOW', 'LAUNDRY', 'DINNER_ROOM', 'ALARM_SYSTEM', 'CABLE_TV', 'SAFETY_CIRCUIT', 'TEEN_SPACE', 'ADULT_POOL', 'POOL_BAR', 'TOYS_PLACE', 'PET_SPACE', 'PIZZA_OVEN', 'ENTRANCE_HALL', 'MEETING_ROOM', 'SOLARIUM', 'DRESS_ROOM2', 'DISABLED_ACCESS', 'COWORKING', 'ELECTRONIC_GATE', 'GAMES_ROOM', 'LAVABO', 'LAMINATED_FLOOR', 'COLD_FLOOR']",0
0,2570679775,['50'],2022-07-08T23:43:22.643Z,"{'lon': -46.605883, 'lat': -23.513179}",[1],[1],[2],[2],"[{'yearlyIptu': '0', 'price': '345000', 'businessType': 'SALE', 'monthlyCondoFee': '400'}]","['POOL', 'BARBECUE_GRILL', 'ELEVATOR', 'GATED_COMMUNITY', 'GYM', 'PETS_ALLOWED', 'GOURMET_SPACE', 'AIR_CONDITIONING', 'GARDEN', 'PLAYGROUND', 'PARTY_HALL', 'SPORTS_COURT', 'BICYCLES_PLACE', 'CONCIERGE_24H', 'CLOSET', 'AMERICAN_KITCHEN', 'COWORKING', 'DISABLED_ACCESS', 'GAMES_ROOM', 'ELECTRONIC_GATE']",0
0,2662888888,['49'],2023-10-17T17:26:08.357Z,"{'lon': -46.579627, 'lat': -23.539772}",[1],[],[1],[2],"[{'yearlyIptu': '1890', 'price': '598900', 'businessType': 'SALE', 'monthlyCondoFee': '476'}]","['POOL', 'BARBECUE_GRILL', 'ELEVATOR', 'GATED_COMMUNITY', 'GYM', 'PLAYGROUND', 'PARTY_HALL', 'SPORTS_COURT', 'CONCIERGE_24H', 'GAMES_ROOM', 'ELECTRONIC_GATE']",0
0,2649820480,['45'],2023-08-15T20:01:00.198Z,"{'lon': -46.797534, 'lat': -23.680719}",[1],[],[1],[2],"[{'yearlyIptu': '0', 'price': '239000', 'businessType': 'SALE', 'monthlyCondoFee': '0'}]","['GATED_COMMUNITY', 'PETS_ALLOWED', 'SERVICE_AREA', 'PLAYGROUND', 'NEAR_ACCESS_ROADS', 'NEAR_SCHOOL', 'SPORTS_COURT', 'CONCIERGE_24H', 'INTERNET_ACCESS', 'INTERCOM', 'CABLE_TV', 'ELECTRONIC_GATE', 'NEAR_PUBLIC_TRANSPORT']",0
0,2534502394,['78'],2021-09-14T20:39:44.743Z,"{'lon': -46.569013, 'lat': -23.601179}",[2],[1],[2],[3],"[{'yearlyIptu': '200', 'price': '449000', 'businessType': 'SALE', 'monthlyCondoFee': '700'}]","['FURNISHED', 'BARBECUE_GRILL', 'ELEVATOR', 'GATED_COMMUNITY', 'PETS_ALLOWED', 'SERVICE_AREA', 'PARTY_HALL', 'CONCIERGE_24H', 'RECREATION_AREA', 'BUILTIN_WARDROBE', 'BEDROOM_WARDROBE', 'KITCHEN_CABINETS', 'BATHROOM_CABINETS', 'INTERNET_ACCESS', 'LARGE_KITCHEN', 'INTERCOM', 'ELECTRONIC_GATE']",0
0,2658960056,['182'],2023-09-29T19:46:21.915Z,"{'lon': -46.712507, 'lat': -23.539469}",[3],[3],[5],[3],"[{'yearlyIptu': '0', 'price': '4290000', 'businessType': 'SALE', 'monthlyCondoFee': '0'}]","['POOL', 'ELEVATOR', 'GATED_COMMUNITY', 'BALCONY', 'GYM', 'PETS_ALLOWED', 'GOURMET_SPACE', 'GARDEN', 'SERVICE_AREA', 'PLAYGROUND', 'GOURMET_BALCONY', 'BARBECUE_BALCONY', 'CHILDRENS_POOL', 'PARTY_HALL', 'BICYCLES_PLACE', 'CONCIERGE_24H', 'SECURITY_CABIN', 'RECREATION_AREA', 'SERVICE_BATHROOM', 'GAS_SHOWER', 'CLOSET', 'LARGE_KITCHEN', 'PANTRY', 'ELECTRIC_GENERATOR', 'INTERCOM', 'LARGE_WINDOW', 'FIREPLACE', 'HIGH_CEILING_HEIGHT', 'LARGE_ROOM', 'FRUIT_TREES', 'SECURITY_CAMERA', 'SERVICE_ENTRANCE', 'SAFETY_CIRCUIT', 'TOYS_PLACE', 'SIDE_ENTRANCE', 'PET_SPACE', 'ENTRANCE_HALL', 'SOLARIUM', 'ADULT_POOL', 'DISABLED_ACCESS', 'SPA', 'ELECTRONIC_GATE', 'INTEGRATED_ENVIRONMENTS', 'CORNER_PROPERTY', 'LAVABO', 'PORCELAIN', 'NATURAL_VENTILATION', 'PANORAMIC_VIEW']",5
0,2640188662,['68'],2023-06-23T17:26:56.283Z,"{'lon': -46.674476, 'lat': -23.470304}",[2],[1],[2],[3],"[{'yearlyIptu': '611', 'price': '420000', 'businessType': 'SALE', 'monthlyCondoFee': '650'}]","['POOL', 'BARBECUE_GRILL', 'ELEVATOR', 'GATED_COMMUNITY', 'GYM', 'PETS_ALLOWED', 'GARDEN', 'PLAYGROUND', 'PARTY_HALL', 'NEAR_ACCESS_ROADS', 'NEAR_SCHOOL', 'NEAR_HOSPITAL', 'SPORTS_COURT', 'BICYCLES_PLACE', 'CONCIERGE_24H', 'RECREATION_AREA', 'GAMES_ROOM', 'DISABLED_ACCESS', 'ELECTRONIC_GATE', 'SECURITY_24_HOURS']",5
0,2656811372,['80'],2023-09-20T13:43:25.379Z,"{'lon': -46.563715, 'lat': -23.533227}",[1],[2],[3],[2],"[{'yearlyIptu': '2000', 'price': '710000', 'businessType': 'SALE', 'monthlyCondoFee': '700'}]","['POOL', 'BARBECUE_GRILL', 'ELEVATOR', 'GATED_COMMUNITY', 'GYM', 'PETS_ALLOWED', 'GOURMET_SPACE', 'GARDEN', 'PLAYGROUND', 'GOURMET_BALCONY', 'PARTY_HALL', 'NEAR_ACCESS_ROADS', 'NEAR_SCHOOL', 'NEAR_HOSPITAL', 'NEAR_SHOPPING_CENTER', 'SPORTS_COURT', 'BICYCLES_PLACE', 'CONCIERGE_24H', 'AMERICAN_KITCHEN', 'LAUNDRY', 'TOYS_PLACE', 'SECURITY_CAMERA', 'PET_SPACE', 'REDARIO', 'GAMES_ROOM', 'DISABLED_ACCESS', 'COWORKING', 'ELECTRONIC_GATE', 'NEAR_PUBLIC_TRANSPORT', 'SECURITY_24_HOURS']",4
0,2658210233,['55'],2023-09-26T21:39:27.289Z,"{'lon': -46.75637, 'lat': -23.569626}",[1],[0],[1],[2],"[{'yearlyIptu': '80', 'price': '350000', 'businessType': 'SALE', 'monthlyCondoFee': '480'}]","['BARBECUE_GRILL', 'ELEVATOR', 'GATED_COMMUNITY', 'GYM', 'PETS_ALLOWED', 'GARDEN', 'SERVICE_AREA', 'PLAYGROUND', 'PARTY_HALL', 'SPORTS_COURT', 'CONCIERGE_24H', 'BUILTIN_WARDROBE', 'BEDROOM_WARDROBE', 'KITCHEN_CABINETS', 'BATHROOM_CABINETS', 'INTERCOM', 'ELECTRONIC_GATE', 'GAMES_ROOM', 'BLINDEX_BOX', 'ALUMINUM_WINDOW', 'LAMINATED_FLOOR']",10
0,2675470900,['65'],2023-12-12T03:52:36.966Z,"{'lon': -46.526441, 'lat': -23.51905}",[2],[],[2],[3],"[{'yearlyIptu': '224', 'price': '460000', 'businessType': 'SALE', 'monthlyCondoFee': '750'}]","['GARAGE', 'KITCHEN', 'POOL', 'SECURITY_24_HOURS']",0
0,2666289812,['125'],2023-11-01T03:33:34.452Z,"{'lon': -46.689663, 'lat': -23.624773}",[2],[3],[4],[3],"[{'yearlyIptu': '500', 'price': '1795000', 'businessType': 'SALE', 'monthlyCondoFee': '1000'}]","['BALCONY', 'PETS_ALLOWED']",0
0,2667409107,['47'],2023-11-06T18:30:43.920Z,"{'lon': -46.746173, 'lat': -23.626541}",[1],[0],[1],[2],"[{'yearlyIptu': '0', 'price': '400000', 'businessType': 'SALE', 'monthlyCondoFee': '396'}]","['POOL', 'BARBECUE_GRILL', 'ELEVATOR', 'BALCONY', 'PETS_ALLOWED', 'SERVICE_AREA', 'SPORTS_COURT', 'KITCHEN', 'INTERCOM', 'SAUNA']",6
0,2479269910,['141'],2020-03-25T16:54:27.450Z,"{'lon': -46.626903, 'lat': -23.602689}",[2],[3],[3],[3],"[{'yearlyIptu': '450', 'price': '2400000', 'businessType': 'SALE', 'monthlyCondoFee': '1300'}]","['POOL', 'BARBECUE_GRILL', 'ELEVATOR', 'GYM', 'GOURMET_SPACE', 'PLAYGROUND', 'GOURMET_BALCONY', 'CHILDRENS_POOL', 'GREEN_SPACE', 'PARTY_HALL', 'SPORTS_COURT', 'ELECTRIC_GENERATOR', 'LAUNDRY', 'SAFETY_CIRCUIT', 'TEEN_SPACE', 'ADULT_POOL', 'HIKING_TRAIL', 'MASSAGE', 'SAUNA', 'ADULT_GAME_ROOM', 'SPA']",0
0,2544651206,['55'],2021-12-15T00:11:35.290Z,"{'lon': -46.563106, 'lat': -23.534038}",[1],[1],[2],[2],"[{'yearlyIptu': '130', 'price': '462000', 'businessType': 'SALE', 'monthlyCondoFee': '450'}]","['POOL', 'BARBECUE_GRILL', 'ELEVATOR', 'GATED_COMMUNITY', 'GYM', 'PETS_ALLOWED', 'GOURMET_SPACE', 'GARDEN', 'PLAYGROUND', 'GOURMET_BALCONY', 'PARTY_HALL', 'SPORTS_COURT', 'BICYCLES_PLACE', 'CONCIERGE_24H', 'AMERICAN_KITCHEN', 'DISABLED_ACCESS', 'COWORKING', 'ELECTRONIC_GATE', 'GAMES_ROOM', 'SAUNA', 'SPA']",15
0,2678363272,['150'],2023-12-22T18:46:38.972Z,"{'lon': -46.737483, 'lat': -23.580751}",[3],[2],[3],[2],"[{'yearlyIptu': '4035', 'price': '912000', 'businessType': 'SALE', 'monthlyCondoFee': '883'}]",['NUMBER_OF_FLOORS'],22
0,2656811742,['55'],2023-09-20T14:09:26.588Z,"{'lon': -46.545446, 'lat': -23.554549}",[1],[1],[2],[2],"[{'yearlyIptu': '257', 'price': '480000', 'businessType': 'SALE', 'monthlyCondoFee': '677'}]","['POOL', 'FURNISHED', 'BARBECUE_GRILL', 'ELEVATOR', 'GATED_COMMUNITY', 'GYM', 'PETS_ALLOWED', 'GOURMET_SPACE', 'GARDEN', 'SERVICE_AREA', 'PLAYGROUND', 'HEATED_POOL', 'CHILDRENS_POOL', 'PARTY_HALL', 'NEAR_ACCESS_ROADS', 'NEAR_SCHOOL', 'NEAR_SHOPPING_CENTER', 'BICYCLES_PLACE', 'CONCIERGE_24H', 'RECREATION_AREA', 'BEDROOM_WARDROBE', 'BATHROOM_CABINETS', 'INTERNET_ACCESS', 'CLOSET', 'SECURITY_CAMERA', 'TREE_CLIMBING', 'FOOTBALL_FIELD', 'ENTRANCE_HALL', 'GAMES_ROOM', 'DISABLED_ACCESS', 'ELECTRONIC_GATE', 'NEAR_PUBLIC_TRANSPORT', 'RECEPTION', 'BLINDEX_BOX']",6
0,2652565666,['50'],2023-08-29T18:48:49.832Z,"{'lon': -46.777179, 'lat': -23.573563}",[1],[],[1],[2],"[{'yearlyIptu': '0', 'price': '240000', 'businessType': 'SALE', 'monthlyCondoFee': '300'}]","['BARBECUE_GRILL', 'GARDEN', 'PLAYGROUND', 'PARTY_HALL']",0
0,2676389497,['110'],2023-12-14T20:43:14.566Z,"{'lon': -46.538839, 'lat': -23.544236}",[2],[3],[4],[3],"[{'yearlyIptu': '350', 'price': '1200000', 'businessType': 'SALE', 'monthlyCondoFee': '930'}]","['POOL', 'FURNISHED', 'BARBECUE_GRILL', 'ELEVATOR', 'GATED_COMMUNITY', 'GYM', 'PETS_ALLOWED', 'GOURMET_SPACE', 'GARDEN', 'PLAYGROUND', 'GOURMET_BALCONY', 'PARTY_HALL', 'SPORTS_COURT', 'CONCIERGE_24H', 'RECREATION_AREA', 'AMERICAN_KITCHEN', 'CINEMA', 'GAMES_ROOM', 'DISABLED_ACCESS', 'SPA', 'ELECTRONIC_GATE', 'INTEGRATED_ENVIRONMENTS']",21
0,2448957877,['56'],2019-06-25T16:34:21.951Z,"{'lon': -46.647964, 'lat': -23.477541}",[1],[0],[1],[2],"[{'yearlyIptu': '0', 'price': '265000', 'businessType': 'SALE', 'monthlyCondoFee': '400'}]","['POOL', 'ELEVATOR', 'GARAGE', 'SERVICE_AREA', 'PLAYGROUND', 'PARTY_HALL', 'KITCHEN']",0
0,2583181724,['72'],2022-10-03T15:38:51.918Z,"{'lon': -46.68888, 'lat': -23.687164}",[2],[2],[2],[3],"[{'yearlyIptu': '102', 'price': '685000', 'businessType': 'SALE', 'monthlyCondoFee': '560'}]","['POOL', 'BARBECUE_GRILL', 'ELEVATOR', 'BALCONY', 'GARAGE', 'SERVICE_AREA', 'PLAYGROUND', 'GOURMET_BALCONY', 'PARTY_HALL', 'KITCHEN', 'DINNER_ROOM', 'CARETAKER', 'SAFETY_CIRCUIT', 'SAUNA']",11
0,2511978211,['45'],2021-02-24T16:45:19.398Z,"{'lon': -46.743722, 'lat': -23.455835}",[1],[0],[1],[2],"[{'yearlyIptu': '62', 'price': '210000', 'businessType': 'SALE', 'monthlyCondoFee': '350'}]","['BARBECUE_GRILL', 'ELEVATOR', 'GATED_COMMUNITY', 'PETS_ALLOWED', 'GOURMET_SPACE', 'GARDEN', 'PLAYGROUND', 'PARTY_HALL', 'SPORTS_COURT', 'BICYCLES_PLACE', 'CONCIERGE_24H', 'LAUNDRY', 'DISABLED_ACCESS', 'ELECTRONIC_GATE', 'GAMES_ROOM']",8
0,2658154866,['70'],2023-09-26T16:04:44.698Z,"{'lon': -46.632442, 'lat': -23.4985}",[1],[],[2],[3],"[{'yearlyIptu': '216', 'price': '490000', 'businessType': 'SALE', 'monthlyCondoFee': '950'}]","['BARBECUE_GRILL', 'ELEVATOR', 'PETS_ALLOWED', 'GARDEN', 'PLAYGROUND', 'PARTY_HALL', 'SPORTS_COURT', 'BICYCLES_PLACE', 'CONCIERGE_24H', 'GAMES_ROOM', 'DISABLED_ACCESS']",5
0,2671252993,['56'],2023-11-23T22:25:49.332Z,"{'lon': -46.543792, 'lat': -23.567186}",[1],[],[1],[2],"[{'yearlyIptu': '0', 'price': '350000', 'businessType': 'SALE', 'monthlyCondoFee': '240'}]","['GATED_COMMUNITY', 'BALCONY', 'GYM', 'PLAYGROUND', 'PARTY_HALL', 'KITCHEN', 'ADULT_GAME_ROOM', 'SAFETY_CIRCUIT']",0
0,2666404941,['57'],2023-11-01T13:48:47.642Z,"{'lon': -46.617487, 'lat': -23.54533}",[1],[1],[2],[2],"[{'yearlyIptu': '1090', 'price': '699000', 'businessType': 'SALE', 'monthlyCondoFee': '700'}]","['POOL', 'BARBECUE_GRILL', 'ELEVATOR', 'GYM', 'PETS_ALLOWED', 'PLAYGROUND', 'GOURMET_BALCONY', 'PARTY_HALL', 'SPORTS_COURT', 'CONCIERGE_24H', 'AMERICAN_KITCHEN', 'GAMES_ROOM', 'ELECTRONIC_GATE']",0
0,2599436692,['42'],2022-12-14T21:33:49.257Z,"{'lon': -46.563482, 'lat': -23.533132}",[1],[1],[1],[1],"[{'yearlyIptu': '1200', 'price': '385000', 'businessType': 'SALE', 'monthlyCondoFee': '336'}]","['POOL', 'BARBECUE_GRILL', 'ELEVATOR', 'GATED_COMMUNITY', 'BALCONY', 'GYM', 'PETS_ALLOWED', 'GOURMET_SPACE', 'AIR_CONDITIONING', 'GARDEN', 'SERVICE_AREA', 'PLAYGROUND', 'CHILDRENS_POOL', 'PARTY_HALL', 'NEAR_ACCESS_ROADS', 'NEAR_SCHOOL', 'NEAR_HOSPITAL', 'NEAR_SHOPPING_CENTER', 'BICYCLES_PLACE', 'CONCIERGE_24H', 'RECREATION_AREA', 'INTERNET_ACCESS', 'AMERICAN_KITCHEN', 'ELECTRIC_GENERATOR', 'SANCA', 'INTERCOM', 'SOUNDPROOFING', 'LAUNDRY', 'ALARM_SYSTEM', 'CABLE_TV', 'RECEPTION', 'TOYS_PLACE', 'SERVICE_ENTRANCE', 'ADULT_POOL', 'MEETING_ROOM', 'WATCHMAN', 'SAFETY_CIRCUIT', 'PET_SPACE', 'DECK', 'ENTRANCE_HALL', 'DISABLED_ACCESS', 'COWORKING', 'ELECTRONIC_GATE', 'GAMES_ROOM', 'SAUNA', 'SPA']",0
0,2612816322,['46'],2023-02-14T21:01:24.778Z,"{'lon': -46.607229, 'lat': -23.469496}",[1],[0],[1],[2],"[{'yearlyIptu': '1', 'price': '329000', 'businessType': 'SALE', 'monthlyCondoFee': '458'}]","['BARBECUE_GRILL', 'ELEVATOR', 'GATED_COMMUNITY', 'PETS_ALLOWED', 'GOURMET_SPACE', 'PLAYGROUND', 'PARTY_HALL', 'NEAR_ACCESS_ROADS', 'NEAR_SCHOOL', 'NEAR_HOSPITAL', 'NEAR_SHOPPING_CENTER', 'SPORTS_COURT', 'BICYCLES_PLACE', 'CONCIERGE_24H', 'RECREATION_AREA', 'AMERICAN_KITCHEN', 'RECEPTION', 'FRUIT_TREES', 'SAFETY_CIRCUIT', 'SERVICE_ENTRANCE', 'ENTRANCE_HALL', 'DISABLED_ACCESS', 'ELECTRONIC_GATE', 'NEAR_PUBLIC_TRANSPORT', 'SECURITY_24_HOURS', 'BLINDEX_BOX']",17
0,2578309226,['75'],2022-08-30T20:15:51.313Z,None,[2],[1],[2],[3],"[{'yearlyIptu': '0', 'price': '470000', 'businessType': 'SALE', 'monthlyCondoFee': '987'}]","['POOL', 'BARBECUE_GRILL', 'ELEVATOR', 'BALCONY', 'GYM', 'GARDEN', 'SERVICE_AREA', 'PLAYGROUND', 'HEATED_POOL', 'PARTY_HALL', 'SPORTS_COURT', 'BICYCLES_PLACE', 'RECREATION_AREA', 'BEDROOM_WARDROBE', 'KITCHEN_CABINETS', 'GAS_SHOWER', 'INTERCOM', 'DINNER_ROOM', 'CABLE_TV', 'TOYS_PLACE', 'SECURITY_CAMERA', 'GAMES_ROOM', 'DISABLED_ACCESS', 'ELECTRONIC_GATE', 'BLINDEX_BOX', 'PORCELAIN', 'LUNCH_ROOM']",0
0,2667821693,['89'],2023-11-08T05:25:12.632Z,"{'lon': -46.664349, 'lat': -23.619168}",[2],[1],[2],[3],"[{'yearlyIptu': '160', 'price': '470000', 'businessType': 'SALE', 'monthlyCondoFee': '950'}]","['KITCHEN', 'SERVICE_AREA', 'PETS_ALLOWED']",31
0,2445437393,['250'],2019-05-20T11:44:18.987Z,"{'lon': -46.62819, 'lat': -23.588942}",[4],[4],[6],[4],"[{'yearlyIptu': '1500', 'price': '3800000', 'businessType': 'SALE', 'monthlyCondoFee': '3000'}]","['POOL', 'FURNISHED', 'BARBECUE_GRILL', 'GYM', 'AIR_CONDITIONING', 'PLAYGROUND', 'GOURMET_BALCONY', 'PLANNED_FURNITURE', 'BARBECUE_BALCONY', 'PARTY_HALL', 'SPORTS_COURT', 'TENNIS_COURT', 'HOME_OFFICE', 'RECREATION_AREA', 'BUILTIN_WARDROBE', 'KITCHEN_CABINETS', 'LARGE_KITCHEN', 'PANTRY', 'PLATED_GAS', 'SANCA', 'SOUNDPROOFING', 'THERMAL_INSULATION', 'LARGE_WINDOW', 'DINNER_ROOM', 'LARGE_ROOM', 'DISABLED_ACCESS', 'BATHTUB', 'BLINDEX_BOX', 'BURNT_CEMENT', 'ALUMINUM_WINDOW', 'LAVABO', 'HALF_FLOOR', 'WOOD_FLOOR', 'PORCELAIN', 'LUNCH_ROOM', 'NATURAL_VENTILATION', 'PANORAMIC_VIEW', 'LIBRARY', 'WHIRLPOOL', 'VEGETABLE_GARDEN', 'ORCHID_PLACE', 'GAMES_ROOM', 'SAUNA', 'DRESS_ROOM']",0
0,2657334639,['49'],2023-09-22T17:25:23.459Z,None,[1],[],[1],[2],"[{'yearlyIptu': '0', 'price': '272777', 'businessType': 'SALE', 'monthlyCondoFee': '380'}]","['POOL', 'FURNISHED', 'BARBECUE_GRILL', 'ELEVATOR', 'GATED_COMMUNITY', 'BALCONY', 'GYM', 'PETS_ALLOWED', 'GOURMET_SPACE', 'SERVICE_AREA', 'PLANNED_FURNITURE', 'PARTY_HALL', 'NEAR_ACCESS_ROADS', 'NEAR_SCHOOL', 'NEAR_HOSPITAL', 'NEAR_SHOPPING_CENTER', 'SPORTS_COURT', 'CONCIERGE_24H', 'AMERICAN_KITCHEN', 'GAMES_ROOM', 'ELECTRONIC_GATE', 'NEAR_PUBLIC_TRANSPORT', 'INTEGRATED_ENVIRONMENTS', 'COLD_FLOOR']",0
0,2655942912,['39'],2023-09-15T16:05:35.090Z,"{'lon': -46.732256, 'lat': -23.623887}",[2],[],[1],[1],"[{'yearlyIptu': '0', 'price': '319000', 'businessType': 'SALE', 'monthlyCondoFee': '656'}]","['POOL', 'BARBECUE_GRILL', 'GATED_COMMUNITY', 'BALCONY', 'GYM', 'PETS_ALLOWED', 'GOURMET_SPACE', 'GARDEN', 'SERVICE_AREA', 'PARTY_HALL', 'NEAR_ACCESS_ROADS', 'NEAR_SCHOOL', 'NEAR_HOSPITAL', 'NEAR_SHOPPING_CENTER', 'CONCIERGE_24H', 'KITCHEN_CABINETS', 'BATHROOM_CABINETS', 'GAS_SHOWER', 'GAMES_ROOM', 'NEAR_PUBLIC_TRANSPORT', 'BLINDEX_BOX']",5
0,2528658973,['63'],2021-07-26T21:32:18.779Z,"{'lon': -46.671769, 'lat': -23.651779}",[1],[1],[2],[2],"[{'yearlyIptu': '860', 'price': '560000', 'businessType': 'SALE', 'monthlyCondoFee': '315'}]","['POOL', 'BARBECUE_GRILL', 'ELEVATOR', 'GATED_COMMUNITY', 'GYM', 'PETS_ALLOWED', 'GARDEN', 'PLAYGROUND', 'GOURMET_BALCONY', 'CHILDRENS_POOL', 'GREEN_SPACE', 'PARTY_HALL', 'BICYCLES_PLACE', 'CONCIERGE_24H', 'RECREATION_AREA', 'LAUNDRY', 'ALARM_SYSTEM', 'TOYS_PLACE', 'SECURITY_CAMERA', 'CHILDREN_CARE', 'TEEN_SPACE', 'ZEN_SPACE', 'ADULT_POOL', 'SQUARE', 'PATROL', 'WATCHMAN', 'DISABLED_ACCESS', 'GAMES_ROOM', 'ELECTRONIC_GATE']",0
0,2528227688,['69'],2021-07-22T16:11:52.525Z,"{'lon': -46.610349, 'lat': -23.529437}",[2],[2],[3],[3],"[{'yearlyIptu': '150', 'price': '600000', 'businessType': 'SALE', 'monthlyCondoFee': '450'}]","['POOL', 'BARBECUE_GRILL', 'ELEVATOR', 'GATED_COMMUNITY', 'GYM', 'PETS_ALLOWED', 'GOURMET_SPACE', 'AIR_CONDITIONING', 'GARDEN', 'PLAYGROUND', 'GOURMET_BALCONY', 'BARBECUE_BALCONY', 'PARTY_HALL', 'SPORTS_COURT', 'TENNIS_COURT', 'BICYCLES_PLACE', 'CONCIERGE_24H', 'RECREATION_AREA', 'INTERNET_ACCESS', 'GAS_SHOWER', 'CLOSET', 'AMERICAN_KITCHEN', 'DEPOSIT', 'TOYS_PLACE', 'SECURITY_CAMERA', 'LIBRARY', 'TEEN_SPACE', 'ZEN_SPACE', 'DISABLED_ACCESS', 'CINEMA', 'COWORKING', 'ELECTRONIC_GATE', 'GAMES_ROOM']",0
0,2657340820,['45'],2023-09-22T19:01:51.960Z,"{'lon': -46.676117, 'lat': -23.531452}",[1],[1],[2],[1],"[{'yearlyIptu': '2200', 'price': '591000', 'businessType': 'SALE', 'monthlyCondoFee': '450'}]","['POOL', 'BARBECUE_GRILL', 'ELEVATOR', 'GATED_COMMUNITY', 'GYM', 'PETS_ALLOWED', 'GOURMET_SPACE', 'GARDEN', 'PLAYGROUND', 'PARTY_HALL', 'NEAR_ACCESS_ROADS', 'NEAR_SCHOOL', 'NEAR_HOSPITAL', 'NEAR_SHOPPING_CENTER', 'BICYCLES_PLACE', 'CONCIERGE_24H', 'RECREATION_AREA', 'AMERICAN_KITCHEN', 'LAUNDRY', 'SECURITY_CAMERA', 'SAFETY_CIRCUIT', 'PET_SPACE', 'DISABLED_ACCESS', 'COWORKING', 'SAUNA', 'GAMES_ROOM', 'ELECTRONIC_GATE', 'NEAR_PUBLIC_TRANSPORT', 'SECURITY_24_HOURS']",9
0,2632965782,['42'],2023-05-17T17:25:16.605Z,"{'lon': -46.515491, 'lat': -23.52603}",[0],[],[1],[2],"[{'rentalInfo': {'period': 'MONTHLY', 'warranties': []}, 'price': '210000', 'businessType': 'SALE'}]","['ELECTRONIC_GATE', 'CONCIERGE_24H', 'GATED_COMMUNITY', 'PETS_ALLOWED']",0
0,2673149275,['80'],2023-12-01T00:00:29.715Z,"{'lon': -46.736743, 'lat': -23.631509}",[3],[],[3],[2],"[{'yearlyIptu': '2938', 'price': '540600', 'businessType': 'SALE', 'monthlyCondoFee': '900'}]","['BALCONY', 'GYM', 'PLAYGROUND', 'PARTY_HALL', 'INTERCOM', 'ADULT_GAME_ROOM']",9
0,2672124379,['143'],2023-11-27T17:02:12.488Z,"{'lon': -46.680079, 'lat': -23.619656}",[2],[3],[4],[3],"[{'yearlyIptu': '5000', 'price': '1925000', 'businessType': 'SALE', 'monthlyCondoFee': '1500'}]","['POOL', 'BARBECUE_GRILL', 'ELEVATOR', 'GYM', 'PETS_ALLOWED', 'GOURMET_SPACE', 'PLAYGROUND', 'GOURMET_BALCONY', 'CHILDRENS_POOL', 'PARTY_HALL', 'BICYCLES_PLACE', 'CONCIERGE_24H', 'CLOSET', 'PET_SPACE', 'ENTRANCE_HALL', 'ADULT_POOL', 'TOYS_PLACE', 'DECK', 'GAMES_ROOM', 'ELECTRONIC_GATE']",4
0,2670617808,['68'],2023-11-21T14:09:49.886Z,"{'lon': -46.647531, 'lat': -23.490594}",[2],[1],[5],[3],"[{'yearlyIptu': '330', 'price': '500000', 'businessType': 'SALE', 'monthlyCondoFee': '780'}]",['ELECTRONIC_GATE'],0
0,2431896996,['90'],2019-02-08T03:01:57.630Z,"{'lon': -46.68172, 'lat': -23.529159}",[1],[1],[3],[2],"[{'rentalInfo': {'period': 'MONTHLY', 'warranties': []}, 'yearlyIptu': '0', 'price': '670000', 'businessType': 'SALE', 'monthlyCondoFee': '650'}]","['GATED_COMMUNITY', 'GARDEN', 'FURNISHED']",0
0,2611809948,['34'],2023-02-09T22:44:24.571Z,"{'lon': -46.654373, 'lat': -23.666362}",[],[],[1],[2],"[{'yearlyIptu': '0', 'price': '238900', 'businessType': 'SALE', 'monthlyCondoFee': '280'}]","['POOL', 'BARBECUE_GRILL', 'ELEVATOR', 'BALCONY', 'GYM', 'PETS_ALLOWED', 'GOURMET_SPACE', 'PLAYGROUND', 'PARTY_HALL', 'NEAR_ACCESS_ROADS', 'NEAR_SCHOOL', 'NEAR_HOSPITAL', 'NEAR_SHOPPING_CENTER', 'BICYCLES_PLACE', 'CONCIERGE_24H', 'RECREATION_AREA', 'INTERNET_ACCESS', 'AMERICAN_KITCHEN', 'INTERCOM', 'LAUNDRY', 'TOYS_PLACE', 'PET_SPACE', 'ENTRANCE_HALL', 'POMAR', 'DISABLED_ACCESS', 'COWORKING', 'ELECTRONIC_GATE', 'NEAR_PUBLIC_TRANSPORT', 'SECURITY_24_HOURS']",0
0,2570614139,['76'],2022-07-08T14:19:10.626Z,"{'lon': -46.73583, 'lat': -23.641153}",[2],[1],[1],[3],"[{'yearlyIptu': '1800', 'price': '654635', 'businessType': 'SALE', 'monthlyCondoFee': '700'}]","['POOL', 'BARBECUE_GRILL', 'ELEVATOR', 'GATED_COMMUNITY', 'GYM', 'PETS_ALLOWED', 'GOURMET_SPACE', 'AIR_CONDITIONING', 'GARDEN', 'PLAYGROUND', 'GOURMET_BALCONY', 'GREEN_SPACE', 'PARTY_HALL', 'NEAR_ACCESS_ROADS', 'NEAR_SCHOOL', 'NEAR_SHOPPING_CENTER', 'BICYCLES_PLACE', 'CONCIERGE_24H', 'RECEPTION', 'SAFETY_CIRCUIT', 'DISABLED_ACCESS', 'COWORKING', 'ELECTRONIC_GATE', 'GAMES_ROOM', 'SAUNA', 'SPA', 'NEAR_PUBLIC_TRANSPORT']",19
0,2612518377,['53'],2023-02-13T15:43:38.575Z,"{'lon': -46.568818, 'lat': -23.513232}",[1],[],[1],[2],"[{'yearlyIptu': '0', 'price': '319000', 'businessType': 'SALE', 'monthlyCondoFee': '430'}]","['POOL', 'FURNISHED', 'BARBECUE_GRILL', 'ELEVATOR', 'GATED_COMMUNITY', 'BALCONY', 'GYM', 'PETS_ALLOWED', 'GOURMET_SPACE', 'GARDEN', 'SERVICE_AREA', 'PLAYGROUND', 'GOURMET_BALCONY', 'PLANNED_FURNITURE', 'WALL_BALCONY', 'GREEN_SPACE', 'PARTY_HALL', 'NEAR_ACCESS_ROADS', 'NEAR_SCHOOL', 'NEAR_HOSPITAL', 'NEAR_SHOPPING_CENTER', 'SPORTS_COURT', 'BICYCLES_PLACE', 'CONCIERGE_24H', 'RECREATION_AREA', 'BUILTIN_WARDROBE', 'BEDROOM_WARDROBE', 'KITCHEN_CABINETS', 'BATHROOM_CABINETS', 'INTERNET_ACCESS', 'GAS_SHOWER', 'CLOSET', 'AMERICAN_KITCHEN', 'ELECTRIC_GENERATOR', 'INTERCOM', 'SOUNDPROOFING', 'LAUNDRY', 'CABLE_TV', 'RECEPTION', 'TOYS_PLACE', 'SECURITY_CAMERA', 'SAFETY_CIRCUIT', 'PET_SPACE', 'PIZZA_OVEN', 'WATCHMAN', 'GAMES_ROOM', 'DISABLED_ACCESS', 'SAUNA', 'ELECTRONIC_GATE', 'GARAGE_BAND', 'NEAR_PUBLIC_TRANSPORT', 'SECURITY_24_HOURS', 'INTEGRATED_ENVIRONMENTS', 'BLINDEX_BOX']",0
0,2636009886,['85'],2023-06-01T13:40:08.560Z,"{'lon': -46.691669, 'lat': -23.563867}",[1],[1],[3],[3],"[{'yearlyIptu': '150', 'price': '1582000', 'businessType': 'SALE', 'monthlyCondoFee': '500'}]","['POOL', 'BARBECUE_GRILL', 'ELEVATOR', 'GATED_COMMUNITY', 'BALCONY', 'GYM', 'PETS_ALLOWED', 'GOURMET_SPACE', 'AIR_CONDITIONING', 'GARDEN', 'PLAYGROUND', 'GOURMET_BALCONY', 'BARBECUE_BALCONY', 'PARTY_HALL', 'NEAR_ACCESS_ROADS', 'NEAR_SCHOOL', 'NEAR_HOSPITAL', 'NEAR_SHOPPING_CENTER', 'SPORTS_COURT', 'BICYCLES_PLACE', 'CONCIERGE_24H', 'GAS_SHOWER', 'CLOSET', 'AMERICAN_KITCHEN', 'GOURMET_KITCHEN', 'ELECTRIC_GENERATOR', 'INTERCOM', 'SOUNDPROOFING', 'RECEPTION', 'FRUIT_TREES', 'TOYS_PLACE', 'SECURITY_CAMERA', 'SAFETY_CIRCUIT', 'PET_SPACE', 'WATER_TANK', 'PAY_PER_USE_SERVICES', 'SOLARIUM', 'DISABLED_ACCESS', 'ELECTRONIC_GATE', 'GAMES_ROOM', 'SPA', 'NEAR_PUBLIC_TRANSPORT', 'SECURITY_24_HOURS', 'CORNER_PROPERTY', 'LAVABO']",11
0,2471791711,['50'],2020-01-22T18:47:57.580Z,"{'lon': -46.664655, 'lat': -23.645035}",[1],[0],[1],[1],"[{'rentalInfo': {'period': 'MONTHLY', 'warranties': []}, 'yearlyIptu': '0', 'price': '400000', 'businessType': 'SALE', 'monthlyCondoFee': '580'}]","['POOL', 'BARBECUE_GRILL', 'ELEVATOR', 'BALCONY', 'GARDEN', 'SERVICE_AREA', 'PLAYGROUND', 'CHILDRENS_POOL', 'PARTY_HALL', 'SPORTS_COURT', 'INTERCOM', 'GRASS', 'ADULT_POOL', 'ADULT_GAME_ROOM']",0
0,2666399929,['59'],2023-11-01T13:20:23.765Z,"{'lon': -46.666271, 'lat': -23.655173}",[1],[1],[2],[2],"[{'yearlyIptu': '200', 'price': '490000', 'businessType': 'SALE', 'monthlyCondoFee': '690'}]","['POOL', 'BARBECUE_GRILL', 'ELEVATOR', 'GYM', 'PETS_ALLOWED', 'GARDEN', 'SERVICE_AREA', 'PLAYGROUND', 'PARTY_HALL', 'NEAR_ACCESS_ROADS', 'NEAR_SCHOOL', 'INTERCOM', 'NEAR_PUBLIC_TRANSPORT', 'EXTERIOR_VIEW']",0
0,2611216621,['151'],2023-02-07T13:22:06.362Z,"{'lon': -46.689116, 'lat': -23.526533}",[2],[3],[4],[3],"[{'yearlyIptu': '8000', 'price': '1890000', 'businessType': 'SALE', 'monthlyCondoFee': '1480'}]","['POOL', 'BARBECUE_GRILL', 'ELEVATOR', 'GYM', 'PETS_ALLOWED', 'PLAYGROUND', 'GOURMET_BALCONY', 'CHILDRENS_POOL', 'PARTY_HALL', 'NEAR_ACCESS_ROADS', 'NEAR_HOSPITAL', 'NEAR_SHOPPING_CENTER', 'BICYCLES_PLACE', 'CONCIERGE_24H', 'SERVICE_BATHROOM', 'CLOSET', 'TOYS_PLACE', 'SERVICE_ENTRANCE', 'PET_SPACE', 'ENTRANCE_HALL', 'ADULT_POOL', 'ELECTRONIC_GATE', 'NEAR_PUBLIC_TRANSPORT']",3
0,2655689072,['57'],2023-09-14T12:30:39.825Z,None,[1],[0],[1],[2],"[{'yearlyIptu': '150', 'price': '240000', 'businessType': 'SALE', 'monthlyCondoFee': '460'}]","['GATED_COMMUNITY', 'PETS_ALLOWED', 'SERVICE_AREA', 'PLAYGROUND', 'PARTY_HALL', 'NEAR_ACCESS_ROADS', 'NEAR_HOSPITAL', 'NEAR_SHOPPING_CENTER', 'SPORTS_COURT', 'CONCIERGE_24H', 'BUILTIN_WARDROBE', 'BEDROOM_WARDROBE', 'KITCHEN_CABINETS', 'BATHROOM_CABINETS', 'INTERNET_ACCESS', 'LARGE_KITCHEN', 'ALARM_SYSTEM', 'RECEPTION', 'SECURITY_CAMERA', 'FENCE', 'TREE_CLIMBING', 'DRESS_ROOM2', 'ELECTRONIC_GATE', 'NEAR_PUBLIC_TRANSPORT']",4
0,2542140813,['48'],2021-11-22T18:17:11.683Z,None,[1],[0],[1],[2],"[{'yearlyIptu': '150', 'price': '286000', 'businessType': 'SALE', 'monthlyCondoFee': '450'}]","['POOL', 'FURNISHED', 'BARBECUE_GRILL', 'ELEVATOR', 'GATED_COMMUNITY', 'BALCONY', 'GYM', 'PETS_ALLOWED', 'GOURMET_SPACE', 'GARDEN', 'SERVICE_AREA', 'PLAYGROUND', 'GOURMET_BALCONY', 'PLANNED_FURNITURE', 'GREEN_SPACE', 'PARTY_HALL', 'SPORTS_COURT', 'BICYCLES_PLACE', 'GUEST_PARKING', 'CONCIERGE_24H', 'SECURITY_CABIN', 'RECREATION_AREA', 'BUILTIN_WARDROBE', 'BEDROOM_WARDROBE', 'KITCHEN_CABINETS', 'BATHROOM_CABINETS', 'INTERNET_ACCESS', 'GAS_SHOWER', 'AMERICAN_KITCHEN', 'GOURMET_KITCHEN', 'LARGE_KITCHEN', 'ELECTRIC_GENERATOR', 'SANCA', 'INTERCOM', 'LARGE_WINDOW', 'LAUNDRY', 'HIGH_CEILING_HEIGHT', 'LARGE_ROOM', 'ALARM_SYSTEM', 'CABLE_TV', 'SECURITY_CAMERA', 'SAFETY_CIRCUIT', 'TOYS_PLACE', 'TEEN_SPACE', 'PET_SPACE', 'ZEN_SPACE', 'WATER_TANK', 'PIZZA_OVEN', 'GRASS', 'ENTRANCE_HALL', 'HIKING_TRAIL', 'SQUARE', 'RECEPTION', 'WATCHMAN', 'PATROL', 'SOLARIUM', 'DISABLED_ACCESS', 'ELECTRONIC_GATE', 'COWORKING', 'SAUNA', 'GAMES_ROOM', 'INTEGRATED_ENVIRONMENTS', 'BLINDEX_BOX', 'ALUMINUM_WINDOW', 'NATURAL_VENTILATION', 'PANORAMIC_VIEW']",1
0,2667961295,['49'],2023-11-08T16:18:16.379Z,"{'lon': -46.677211, 'lat': -23.692704}",[1],[],[1],[2],"[{'yearlyIptu': '20', 'price': '320000', 'businessType': 'SALE', 'monthlyCondoFee': '320'}]","['POOL', 'BARBECUE_GRILL', 'GATED_COMMUNITY', 'PETS_ALLOWED', 'GARDEN', 'PLAYGROUND', 'PARTY_HALL', 'SPORTS_COURT', 'BICYCLES_PLACE', 'GAMES_ROOM', 'SAUNA', 'ELECTRONIC_GATE']",6
0,2627495336,['51'],2023-04-20T18:47:39.057Z,"{'lon': -46.515411, 'lat': -23.576015}",[1],[0],[1],[2],"[{'yearlyIptu': '0', 'price': '315000', 'businessType': 'SALE', 'monthlyCondoFee': '370'}]","['BARBECUE_GRILL', 'ELEVATOR', 'BALCONY', 'PETS_ALLOWED', 'SERVICE_AREA', 'SPORTS_COURT', 'KITCHEN', 'INTERCOM']",15
0,2638191368,['56'],2023-06-14T03:30:07.258Z,"{'lon': -46.439053, 'lat': -23.54427}",[1],[0],[1],[3],"[{'yearlyIptu': '0', 'price': '190000', 'businessType': 'SALE', 'monthlyCondoFee': '132'}]",['PETS_ALLOWED'],5
0,2668488340,['87'],2023-11-10T13:07:50.884Z,"{'lon': -46.616036, 'lat': -23.602802}",[1],[1],[2],[3],"[{'yearlyIptu': '1500', 'price': '900000', 'businessType': 'SALE', 'monthlyCondoFee': '400'}]","['POOL', 'BARBECUE_GRILL', 'ELEVATOR', 'GATED_COMMUNITY', 'GYM', 'PETS_ALLOWED', 'GOURMET_SPACE', 'AIR_CONDITIONING', 'GARDEN', 'PLAYGROUND', 'GOURMET_BALCONY', 'BARBECUE_BALCONY', 'GREEN_SPACE', 'PARTY_HALL', 'SPORTS_COURT', 'GUEST_PARKING', 'CONCIERGE_24H', 'RECREATION_AREA', 'AMERICAN_KITCHEN', 'GOURMET_KITCHEN', 'LARGE_KITCHEN', 'ELECTRIC_GENERATOR', 'SOUNDPROOFING', 'THERMAL_INSULATION', 'LARGE_WINDOW', 'LAUNDRY', 'DINNER_ROOM', 'LARGE_ROOM', 'ALARM_SYSTEM', 'SECURITY_CAMERA', 'SAFETY_CIRCUIT', 'PET_SPACE', 'PIZZA_OVEN', 'SOLARIUM', 'GAMES_ROOM', 'SPA', 'COWORKING', 'DISABLED_ACCESS', 'ELECTRONIC_GATE', 'NATURAL_VENTILATION', 'PANORAMIC_VIEW']",9
0,2626305055,['84'],2023-04-15T15:13:29.205Z,"{'lon': -46.681822, 'lat': -23.618504}",[1],[1],[2],[2],"[{'yearlyIptu': '3300', 'price': '778000', 'businessType': 'SALE', 'monthlyCondoFee': '1500'}]","['POOL', 'BARBECUE_GRILL', 'ELEVATOR', 'GATED_COMMUNITY', 'GYM', 'PETS_ALLOWED', 'GARDEN', 'PLAYGROUND', 'PARTY_HALL', 'SPORTS_COURT', 'CONCIERGE_24H', 'CLOSET', 'ELECTRONIC_GATE', 'DISABLED_ACCESS']",9
0,2657360302,['50'],2023-09-22T20:33:30.311Z,"{'lon': -46.698759, 'lat': -23.510053}",[1],[1],[2],[2],"[{'yearlyIptu': '100', 'price': '411000', 'businessType': 'SALE', 'monthlyCondoFee': '400'}]","['POOL', 'BARBECUE_GRILL', 'ELEVATOR', 'GATED_COMMUNITY', 'GYM', 'PETS_ALLOWED', 'GOURMET_SPACE', 'AIR_CONDITIONING', 'GARDEN', 'PLAYGROUND', 'PARTY_HALL', 'CONCIERGE_24H', 'DISABLED_ACCESS', 'GAMES_ROOM', 'ELECTRONIC_GATE']",1
0,2668227909,['59'],2023-11-09T17:47:58.232Z,"{'lon': -46.591546, 'lat': -23.537791}",[1],[1],[2],[2],"[{'yearlyIptu': '0', 'price': '530000', 'businessType': 'SALE', 'monthlyCondoFee': '560'}]","['POOL', 'BARBECUE_GRILL', 'ELEVATOR', 'GATED_COMMUNITY', 'BALCONY', 'GYM', 'PETS_ALLOWED', 'GOURMET_SPACE', 'PLAYGROUND', 'WALL_BALCONY', 'PARTY_HALL', 'SPORTS_COURT', 'BICYCLES_PLACE', 'CONCIERGE_24H', 'BEDROOM_WARDROBE', 'KITCHEN_CABINETS', 'BATHROOM_CABINETS', 'AMERICAN_KITCHEN', 'ELECTRONIC_GATE', 'GAMES_ROOM', 'SAUNA', 'DISABLED_ACCESS']",11
0,2661506793,['70'],2023-10-11T14:56:25.280Z,None,[2],[1],[2],[3],"[{'yearlyIptu': '167', 'price': '630000', 'businessType': 'SALE', 'monthlyCondoFee': '969'}]","['POOL', 'BARBECUE_GRILL', 'ELEVATOR', 'GYM', 'PETS_ALLOWED', 'PLAYGROUND', 'PARTY_HALL', 'SPORTS_COURT', 'CONCIERGE_24H', 'RECREATION_AREA', 'CLOSET', 'AMERICAN_KITCHEN', 'SECURITY_CAMERA', 'ADULT_POOL', 'GAMES_ROOM']",4
0,2677881209,['46'],2023-12-20T23:15:58.458Z,"{'lon': -46.429463, 'lat': -23.523043}",[1],[0],[1],[2],"[{'yearlyIptu': '0', 'price': '175000', 'businessType': 'SALE', 'monthlyCondoFee': '300'}]","['GATED_COMMUNITY', 'SPORTS_COURT']",5
0,2653774753,['69'],2023-09-04T21:55:53.874Z,"{'lon': -46.74685, 'lat': -23.626904}",[2],[1],[1],[3],"[{'yearlyIptu': '185', 'price': '674950', 'businessType': 'SALE', 'monthlyCondoFee': '515'}]","['POOL', 'FURNISHED', 'BARBECUE_GRILL', 'ELEVATOR', 'GATED_COMMUNITY', 'BALCONY', 'GYM', 'PETS_ALLOWED', 'GOURMET_SPACE', 'AIR_CONDITIONING', 'GARDEN', 'SERVICE_AREA', 'PLAYGROUND', 'GOURMET_BALCONY', 'CHILDRENS_POOL', 'PARTY_HALL', 'NEAR_ACCESS_ROADS', 'NEAR_SCHOOL', 'BICYCLES_PLACE', 'CONCIERGE_24H', 'KITCHEN_CABINETS', 'BATHROOM_CABINETS', 'INTERNET_ACCESS', 'AMERICAN_KITCHEN', 'DEPOSIT', 'ELECTRIC_GENERATOR', 'INTERCOM', 'ALARM_SYSTEM', 'TOYS_PLACE', 'SECURITY_CAMERA', 'FRUIT_TREES', 'ENTRANCE_HALL', 'ADULT_POOL', 'GAMES_ROOM', 'DISABLED_ACCESS', 'COWORKING', 'ELECTRONIC_GATE', 'RECEPTION', 'SECURITY_24_HOURS', 'COOKER']",20
0,2658442100,['87'],2023-09-27T21:24:52.292Z,None,[2],[1],[2],[3],"[{'yearlyIptu': '3100', 'price': '850000', 'businessType': 'SALE', 'monthlyCondoFee': '930'}]","['POOL', 'BARBECUE_GRILL', 'ELEVATOR', 'GATED_COMMUNITY', 'GYM', 'PETS_ALLOWED', 'GOURMET_SPACE', 'AIR_CONDITIONING', 'GARDEN', 'SERVICE_AREA', 'PLAYGROUND', 'GOURMET_BALCONY', 'BARBECUE_BALCONY', 'PARTY_HALL', 'CONCIERGE_24H', 'RECREATION_AREA', 'BEDROOM_WARDROBE', 'KITCHEN_CABINETS', 'BATHROOM_CABINETS', 'INTERNET_ACCESS', 'CLOSET', 'GAMES_ROOM', 'DISABLED_ACCESS', 'SAUNA', 'SPA', 'ELECTRONIC_GATE', 'INTEGRATED_ENVIRONMENTS', 'PIZZA_OVEN']",50
0,2620666229,['65'],2023-03-24T19:45:58.879Z,None,[1],[1],[2],[2],"[{'yearlyIptu': '380', 'price': '640000', 'businessType': 'SALE', 'monthlyCondoFee': '700'}]","['POOL', 'BARBECUE_GRILL', 'ELEVATOR', 'BALCONY', 'GYM', 'GARDEN', 'SERVICE_AREA', 'HEATED_POOL', 'WALL_BALCONY', 'PARTY_HALL', 'SPORTS_COURT', 'BICYCLES_PLACE', 'CONCIERGE_24H', 'RECREATION_AREA', 'BEDROOM_WARDROBE', 'KITCHEN_CABINETS', 'BATHROOM_CABINETS', 'AMERICAN_KITCHEN', 'ELECTRIC_GENERATOR', 'INTERCOM', 'DINNER_ROOM', 'CABLE_TV', 'SECURITY_CAMERA', 'TOYS_PLACE', 'PIZZA_OVEN', 'GAMES_ROOM', 'DISABLED_ACCESS', 'SAUNA', 'BLINDEX_BOX', 'PORCELAIN', 'LUNCH_ROOM']",0
